# the docs site will redirect /url-path to /url-path/ for a live page, but not
# for a page we've removed. we add both versions of the removed url to ensure we
# cover all requests.

/api /reference/api/
/api/ /reference/api/
/api/authentication /reference/api/authentication/
/api/authentication/ /reference/api/authentication/
/api/esm-town /reference/esm-town
/api/esm-town/ /reference/esm-town
/api/index /reference/api/index/
/api/index/ /reference/api/index/
/api/overview /api/
/api/overview/ /api/
/api/sdk /reference/api/sdk/
/api/sdk/ /reference/api/sdk/
/create-a-discord-welcome-bot /guides/discord/bot
/create-a-discord-welcome-bot/ /guides/discord/bot
/demo https://www.youtube.com/watch?v=v6qt5aa_um4
/demo/ https://www.youtube.com/watch?v=v6qt5aa_um4
/discord-bot-that-replies-to-slash-commands /guides/discord/how-to-make-a-discord-bot-hosted-24-7-for-free-in-/
/discord-bot-that-replies-to-slash-commands/ /guides/discord/how-to-make-a-discord-bot-hosted-24-7-for-free-in-/
/integrations/databases/neon-postgres /guides/databases/neon-postgres/
/integrations/databases/neon-postgres/ /guides/databases/neon-postgres/
/integrations/databases/planetscale /guides/databases/planetscale/
/integrations/databases/planetscale/ /guides/databases/planetscale/
/integrations/databases/supabase /guides/databases/supabase/
/integrations/databases/supabase/ /guides/databases/supabase/
/integrations/databases/upstash /guides/databases/upstash/
/integrations/databases/upstash/ /guides/databases/upstash/
/integrations/discord/bot /guides/discord/bot/
/integrations/discord/bot/ /guides/discord/bot/
/integrations/discord/how-to-make-a-discord-bot-hosted-24-7-for-free-in- /guides/discord/how-to-make-a-discord-bot-hosted-24-7-for-free-in-/
/integrations/discord/how-to-make-a-discord-bot-hosted-24-7-for-free-in-/ /guides/discord/how-to-make-a-discord-bot-hosted-24-7-for-free-in-/
/integrations/discord/send-message /guides/discord/send-message/
/integrations/discord/send-message/ /guides/discord/send-message/
/integrations/github/get-a-github-user /guides/github/get-a-github-user/
/integrations/github/get-a-github-user/ /guides/github/get-a-github-user/
/integrations/github/github-users-stars-pagination /guides/github/github-users-stars-pagination/
/integrations/github/github-users-stars-pagination/ /guides/github/github-users-stars-pagination/
/integrations/github/receiving-a-github-webhook /guides/github/receiving-a-github-webhook/
/integrations/github/receiving-a-github-webhook/ /guides/github/receiving-a-github-webhook/
/integrations/slack/bot /guides/slack/bot/
/integrations/slack/bot/ /guides/slack/bot/
/integrations/slack/send-messages-to-slack /guides/slack/send-messages-to-slack/
/integrations/slack/send-messages-to-slack/ /guides/slack/send-messages-to-slack/
/integrations/airtable /guides/airtable/
/integrations/airtable/ /guides/airtable/
/integrations/browserbase /guides/browser-automation/browserbase/
/integrations/browserbase/ /guides/browser-automation/browserbase/
/integrations/browserless /guides/browser-automation/browserless/
/integrations/browserless/ /guides/browser-automation/browserless/
/integrations/gmail /guides/gmail/
/integrations/gmail/ /guides/gmail/
/integrations/google-sheets /guides/google-sheets/
/integrations/google-sheets/ /guides/google-sheets/
/integrations/kernel /guides/browser-automation/kernel/
/integrations/kernel/ /guides/browser-automation/kernel/
/integrations/s3 /guides/s3/
/integrations/s3/ /guides/s3/
/integrations/sqlite-wasm /guides/sqlite-wasm/
/integrations/sqlite-wasm/ /guides/sqlite-wasm/
/integrations/steel /guides/browser-automation/steel/
/integrations/steel/ /guides/browser-automation/steel/
/integrations/stripe /guides/stripe/
/integrations/stripe/ /guides/stripe/
/integrations/supabase /guides/supabase/
/integrations/supabase/ /guides/supabase/
/integrations/telegram /guides/telegram/
/integrations/telegram/ /guides/telegram/
/planetscale /guides/databases/planetscale/
/planetscale/ /guides/databases/planetscale/
/pricing https://www.val.town/pricing
/pricing/ https://www.val.town/pricing
/quickstarts/first-cron/ /guides/first-cron
/quickstarts/first-cron /guides/first-cron
/quickstarts/prompting /guides/prompting
/quickstarts/prompting/ /guides/prompting
/quickstarts/first-website /guides/first-website
/quickstarts/first-website/ /guides/first-website
/secrets /reference/environment-variables/
/secrets/ /reference/environment-variables/
/std/sqlite/index /reference/std/sqlite/index/
/std/sqlite/index/ /reference/std/sqlite/index/
/std/sqlite/migrations /reference/std/sqlite/migrations/
/std/sqlite/migrations/ /reference/std/sqlite/migrations/
/std/sqlite/orms /reference/std/sqlite/orms/
/std/sqlite/orms/ /reference/std/sqlite/orms/
/std/sqlite/usage /reference/std/sqlite/usage/
/std/sqlite/usage/ /reference/std/sqlite/usage/
/std/blob /reference/std/blob/
/std/blob/ /reference/std/blob/
/std/email /reference/std/email/
/std/email/ /reference/std/email/
/std/fetch /reference/std/fetch/
/std/fetch/ /reference/std/fetch/
/std/openai /reference/std/openai/
/std/openai/ /reference/std/openai/
/tips /
/tips/ /
/types/scheduled /types/cron
/types/scheduled/ /types/cron
/types/web /types/http
/types/web/ /types/http
/web-scraping /guides/web-scraping/
/web-scraping/ /guides/web-scraping/
/reference/custom-domains /types/http/custom-domains/
/reference/custom-domains/ /types/http/custom-domains/
/guides/hosted-puppeteer-browserless/ /guides/browserless/
/guides/hosted-puppeteer-browserless /guides/browserless/
/types/* /vals/:splat
/openapi.json https://api.val.town/openapi.json
/reference/bot-rate-limiting /troubleshooting/bot-rate-limiting/
/reference/bot-rate-limiting/ /troubleshooting/bot-rate-limiting/
/sdk https://sdk.val.town
/sdk/ https://sdk.val.town
/api/sdk https://sdk.val.town
/api/sdk/ https://sdk.val.town
